Nom du produit,Catégorie,Quantité,Prix unitaire (€),Description
Personal Dog,Alimentation,45,207.62,Sea shoulder else enter take significant.
Seem Reveal,Vêtements,179,408.46,Left region ok treatment.
To Authority,Alimentation,299,152.03,I become focus government standard whether guy.
Hair This,Vêtements,283,207.11,Bring offer listen soon save some common.
List Score,Alimentation,379,225.52,Attention five business challenge nice scene night.
Husband Face,Alimentation,488,377.79,Entire trial response tell after.
Condition North,Alimentation,189,396.87,Over make happy line.
Military Site,Jouets,385,163.35,Professional course I ready cause stock.
Interview Part,Alimentation,321,390.81,Me respond key just view none.
Indeed Reason,Électronique,72,258.73,Carry argue experience chair involve time mention.
Condition Quality,Jouets,332,330.22,Agent science wonder glass staff personal.
Air Animal,Jouets,108,218.01,Second talk them chair.
Single Travel,Électronique,370,478.82,Same join human fact maybe oil.
Hour Car,Mobilier,20,140.54,Mother allow field easy generation medical owner.
Always Certainly,Mobilier,367,10.32,Clearly whatever scene movement issue never.
Enjoy Medical,Alimentation,295,430.34,Develop protect whose carry.
Consider Room,Jouets,247,485.21,Attention including both follow various rock.
Day Situation,Vêtements,371,223.18,Tv apply daughter cup.
Mission Involve,Vêtements,185,355.64,Play hundred bit view line teacher charge.
Interesting Laugh,Jouets,413,139.8,Boy his rest fear available age.
Truth Hotel,Jouets,294,423.59,Above program become history responsibility.
Measure Identify,Alimentation,82,405.57,Player movement stand last.
Simply Think,Alimentation,376,191.78,Voice today fly surface.
Bed Defense,Vêtements,110,466.78,Industry report different list of close Republican.
Station Best,Jouets,479,263.86,Book apply wife within law security event.
Contain Probably,Alimentation,33,130.67,Easy a up senior eye.
Win Might,Électronique,191,295.93,Side past dinner force.
Just Key,Vêtements,65,10.97,Religious service according turn behavior.
Fall Ahead,Vêtements,112,270.71,Feel but under black available step minute.
Court Detail,Vêtements,184,121.18,Blood consider recognize consumer person task.
Response Agree,Vêtements,318,217.74,Which bag such probably memory majority.
Resource Billion,Vêtements,319,449.86,It five free them.
Mother Spring,Jouets,144,76.87,But skin set.
Seem Study,Mobilier,181,481.94,Up name seat movie history call.
Entire Bank,Jouets,273,442.23,Health baby movement ability.
Race People,Vêtements,142,260.28,Approach simple campaign computer inside.
Serious Wrong,Jouets,170,197.68,Pay spring entire thing along evening whom.
Material Sing,Alimentation,483,218.02,Certainly travel event like.
Whom Push,Alimentation,176,421.95,Senior local control drive data city get.
Range Address,Mobilier,120,352.48,Strategy large perhaps production data.
Economic Find,Jouets,325,226.02,Huge building feel term day kitchen probably.
Long Imagine,Vêtements,318,322.11,Movement word maintain within collection president real.
East Health,Électronique,433,298.17,Bit such number.
Rule Station,Jouets,342,360.6,Story culture economy last.
Miss Concern,Alimentation,152,492.89,Toward class then stay speech worry movie outside.
Network Catch,Jouets,416,146.78,Different audience away treat already control special.
Staff Method,Mobilier,375,250.24,Mission explain field as assume military star.
Newspaper Protect,Électronique,382,64.75,Some rather certainly back floor.
Every Rate,Mobilier,207,69.57,Contain security manager traditional day skin.
Race Mouth,Alimentation,444,308.28,Eat travel wife executive.
Glass Friend,Vêtements,87,396.81,Name spring series factor sound.
Society Responsibility,Vêtements,170,246.38,Cost teach each.
Still Reveal,Électronique,169,163.3,Leg effort which person rich.
Even Issue,Jouets,40,55.22,Respond the perform firm area practice.
Understand Measure,Alimentation,56,227.27,Debate help decide last behavior hand experience.
Writer Herself,Mobilier,131,399.99,Break church so join chair.
My Our,Vêtements,184,87.99,Understand picture do alone successful.
Young Half,Électronique,338,257.58,West offer six herself watch social.
Into Want,Jouets,307,267.52,Box wait both type area.
Clear Computer,Vêtements,21,215.29,Figure war stage determine network probably.
Condition Develop,Jouets,165,473.9,Pay through now green can.
Off Foreign,Électronique,64,161.11,Their tax control effect me.
Enough Democratic,Vêtements,263,256.36,Fish every weight pressure research dog.
Song Upon,Alimentation,392,251.04,Security matter central along range successful ask.
Drive Music,Alimentation,493,113.23,Occur sell something itself where job.
Long Small,Vêtements,244,466.69,Hear month talk thus eye left.
Upon Finish,Jouets,291,78.33,Health air do really green.
Including Cup,Mobilier,375,458.1,Charge business south increase senior.
Seven Technology,Jouets,123,80.96,As foot report under.
Still Safe,Mobilier,350,372.75,Your measure full leader appear.
Some Would,Jouets,181,341.51,Education alone focus take seven catch include.
Bank Hour,Alimentation,491,104.02,Serious dog son which.
Major Magazine,Électronique,67,207.85,Either now raise occur.
Respond Red,Électronique,85,285.81,World reach high huge body up environment support.
Would Receive,Alimentation,71,364.02,That heavy rest eye another blood.
Shake White,Électronique,347,234.87,Great drive southern participant develop upon technology.
Happen Fish,Électronique,414,118.58,Buy policy benefit cover bar.
Real Finish,Alimentation,117,365.31,Left together city main bill.
Media Model,Mobilier,406,68.17,Recognize themselves product carry recently.
School Article,Alimentation,42,285.52,Detail blood project run.
Under Lot,Vêtements,178,12.58,And bank recognize rate or manage worry next.
Never Option,Électronique,142,369.93,Area man pretty southern institution according.
Final Site,Vêtements,262,253.72,Along good box left tonight participant.
Suddenly Prevent,Jouets,106,172.46,Dinner south son at.
System Enjoy,Jouets,282,121.24,Compare always now inside visit discuss meet.
Involve Computer,Alimentation,334,287.48,Send those face simply effort study already direction.
Left Choice,Vêtements,342,463.94,Mr day down same class.
Above Anything,Électronique,314,488.62,Network the tree.
Bill Health,Alimentation,315,461.74,Example break receive play most figure.
Else Sure,Mobilier,122,305.32,Western avoid source enjoy teacher plant suffer.
Including Traditional,Vêtements,384,235.05,Ready happy develop arrive with one option.
Though Determine,Vêtements,140,296.38,Center near door service.
Community Thing,Alimentation,211,490.96,Data forward Congress pattern world.
Lead Marriage,Jouets,493,340.82,Discussion statement a six.
Blood Personal,Mobilier,345,189.74,Nearly scientist reflect church religious.
At Evidence,Jouets,389,342.5,Determine these check add.
Energy Own,Vêtements,74,169.08,Minute hold management six others.
Really Church,Mobilier,44,54.66,Consumer result management should development employee.
Start Program,Mobilier,238,285.93,Across market across trade election position.
Scene Whole,Alimentation,461,344.7,Keep very suddenly add.
